{"cameraMode":{"drawMode":0,"name":"Shaded","section":"Shading Mode"},"sceneLighting":true,"audioPlay":false,"sceneViewState":{"m_AlwaysRefresh":false,"showFog":true,"showSkybox":true,"showFlares":true,"showImageEffects":true,"showParticleSystems":true,"showVisualEffectGraphs":true,"m_FxEnabled":true},"in2DMode":false,"pivot":{"x":-0.9893732070922852,"y":-1.5021440982818604,"z":1.6487679481506348},"rotation":{"x":-0.34006497263908389,"y":0.2714065611362457,"z":-0.10318426787853241,"w":-0.8944688439369202},"size":3.844531297683716,"orthographic":false}