{"cameraMode":{"drawMode":0,"name":"Shaded","section":"Shading Mode"},"sceneLighting":false,"audioPlay":false,"sceneViewState":{"m_AlwaysRefresh":false,"showFog":true,"showSkybox":false,"showFlares":true,"showImageEffects":true,"showParticleSystems":true,"showVisualEffectGraphs":true,"m_FxEnabled":true},"in2DMode":false,"pivot":{"x":0.8238579034805298,"y":0.43970194458961489,"z":0.24097833037376405},"rotation":{"x":-0.11486098915338516,"y":0.634384036064148,"z":-0.09607642143964768,"w":-0.7583880424499512},"size":0.3100193440914154,"orthographic":false}